Kabupaten ,RumahTanggaPertanian,PerusahaanPertanian,Tanamanpadipalawija,TanamanHortikultura,TanamanPerkebunan
Cilacap,253449,6,91627,2774,5170
Banyumas,202578,4,60799,4452,15518
Purbalingga,125314,1,20358,5048,3907
Banjarnegara,156652,2,26088,38964,6536
Kebumen,215624,1,68485,5961,8819
Purworejo,143750,1,53960,3742,9471
Wonosobo,142593,6,23397,25402,11552
Magelang,191211,10,46919,41311,5788
Boyolali,170529,8,60552,14845,7194
Klaten,125617,13,30111,3616,923
Sukoharjo,68170,3,25908,784,173
Wonogiri,202143,3,102911,2062,3536
Karanganyar,104739,6,34537,6788,1097
Sragen,142187,2,77736,742,1431
Grobogan,264144,3,141687,4375,2298
Blora,170299,1,96587,1571,1955
Rembang,108399,3,31103,3178,4889
Pati,189987,9,57068,6380,4519
Kudus,51359,3,14374,1564,2338
Jepara,113050,6,28182,837,1176
Demak,131474,2,45097,4215,84
Semarang,130385,29,21133,9823,4263
Temanggung,123246,5,19636,17076,34457
Kendal,109637,33,47596,5247,6436
Batang,92179,10,16836,3972,5680
Pekalongan,77230,7,12136,2451,1778
Pemalang,134231,5,49816,8116,3844
Tegal,105854,7,48991,5679,1737
Brebes,214227,2,57429,49334,822
Kota Magelang,1114,1,25,25,0
Kota Surakarta,1104,1,0,0,0
Kota Salatiga,5977,9,630,189,83
Kota Semarang,17638,19,1650,636,27
Kota Pekalongan,1834,4,468,13,0
Kota Tegal,2695,0,99,462,0
